<document page-count="5">
<page number="1">
<table data-filename="Circolari_2770A_2018-2019.pdf" data-page="1" data-table="1">
<tr>
<td colspan="5">ISTITUTO D’ISTRUZIONE SUPERIORE “JEAN MONNET”</td>
</tr>
<tr>
<td colspan="3">ISTRUZIONE TECNICA E LICEALE</td>
<td colspan="2"/>
</tr>
<tr>
<td colspan="3">Via S. Caterina 3 • 22066 MARIANO COMENSE • CO</td>
<td colspan="2"/>
</tr>
<tr>
<td colspan="3">
Tel. 031747525 - 031743769 • Fax 031744057 •• COIS00200B
</td>
<td colspan="2">• c.f.: 90002390137</td>
</tr>
<tr>
<td colspan="5">
Web: www.ismonnet.gov.it • E-mail: info@ismonnet.it • PEC: cois00200b@pec.istruzione.it
</td>
</tr>
<tr>
<td colspan="3">Anno scolastico 2018-19</td>
<td colspan="2"/>
</tr>
<tr>
<td colspan="5">Calendario CONSIGLI DI CLASSE novembre 2018</td>
</tr>
<tr>
<td colspan="3">LOTTO 1 (ex-ITC)</td>
<td colspan="2"/>
</tr>
<tr>
<td/>
<td colspan="2">Mercoledì 21 Novembre</td>
<td/>
<td/>
</tr>
<tr>
<td>Solo docenti</td>
<td>Docenti/Genitori Studenti</td>
<td/>
<td>Classi</td>
<td/>
</tr>
<tr>
<td style="text-align: right">14.30/15.30</td>
<td style="text-align: right">15.30/16.00</td>
<td>4DRIM</td>
<td>3BLL</td>
<td/>
</tr>
<tr>
<td style="text-align: right">16.00/17.00</td>
<td style="text-align: right">17.00/17.30</td>
<td>3DRIM</td>
<td>4BLL</td>
<td/>
</tr>
<tr>
<td style="text-align: right">17.30/18.30</td>
<td style="text-align: right">18.30/19.00</td>
<td>5DRIM</td>
<td>5BLL</td>
<td/>
</tr>
<tr>
<td>Aula piano terra</td>
<td/>
<td>B11</td>
<td>B13</td>
<td>B15</td>
</tr>
<tr>
<td/>
<td colspan="2">Giovedì 22 Novembre</td>
<td/>
<td/>
</tr>
<tr>
<td>Solo docenti</td>
<td>Docenti/Genitori Studenti</td>
<td/>
<td>Classi</td>
<td/>
</tr>
<tr>
<td style="text-align: right">14.30/15.30</td>
<td style="text-align: right">15.30/16.00</td>
<td>5BAFM</td>
<td>5ERIM</td>
<td/>
</tr>
<tr>
<td style="text-align: right">16.00/17.00</td>
<td style="text-align: right">17.00/17.30</td>
<td>4BAFM</td>
<td>4ERIM</td>
<td/>
</tr>
<tr>
<td style="text-align: right">17.30/18.30</td>
<td style="text-align: right">18.30/19.00</td>
<td>3BAFM</td>
<td>3ERIM</td>
<td/>
</tr>
<tr>
<td>Aula piano terra</td>
<td/>
<td>B11</td>
<td>B13</td>
<td>B15</td>
</tr>
</table>
</page>
<page number="2">
<table data-filename="Circolari_2770A_2018-2019.pdf" data-page="2" data-table="1">
<tr>
<td colspan="5">ISTITUTO D’ISTRUZIONE SUPERIORE “JEAN MONNET”</td>
</tr>
<tr>
<td colspan="3">ISTRUZIONE TECNICA E LICEALE</td>
<td colspan="2"/>
</tr>
<tr>
<td colspan="3">Via S. Caterina 3 • 22066 MARIANO COMENSE • CO</td>
<td colspan="2"/>
</tr>
<tr>
<td colspan="3">
Tel. 031747525 - 031743769 • Fax 031744057 •• COIS00200B
</td>
<td colspan="2">• c.f.: 90002390137</td>
</tr>
<tr>
<td colspan="5">
Web: www.ismonnet.gov.it • E-mail: info@ismonnet.it • PEC: cois00200b@pec.istruzione.it
</td>
</tr>
<tr>
<td/>
<td colspan="2">Venerdì 23 Novembre</td>
<td/>
<td/>
</tr>
<tr>
<td>Solo docenti</td>
<td>Docenti/Genitori Studenti</td>
<td/>
<td>Classi</td>
<td/>
</tr>
<tr>
<td style="text-align: right">14.30/15.30</td>
<td style="text-align: right">15.30/16.00</td>
<td>1ACHIM</td>
<td>5CAFM</td>
<td/>
</tr>
<tr>
<td style="text-align: right">16.00/17.00</td>
<td style="text-align: right">17.00/17.30</td>
<td>2ACHIM</td>
<td>2CAFM</td>
<td/>
</tr>
<tr>
<td style="text-align: right">17.30/18.30</td>
<td style="text-align: right">18.30/19.00</td>
<td/>
<td>1CAFM</td>
<td/>
</tr>
<tr>
<td>Aula piano terra</td>
<td/>
<td>B11</td>
<td>B13</td>
<td>B15</td>
</tr>
<tr>
<td/>
<td colspan="2">Lunedì 26 Novembre</td>
<td/>
<td/>
</tr>
<tr>
<td>Solo docenti</td>
<td>Docenti/Genitori Studenti</td>
<td/>
<td>Classi</td>
<td/>
</tr>
<tr>
<td style="text-align: right">14.30/15.30</td>
<td style="text-align: right">15.30/16.00</td>
<td>3BB</td>
<td>3ALL</td>
<td>3AAFM</td>
</tr>
<tr>
<td style="text-align: right">16.00/17.00</td>
<td style="text-align: right">17.00/17.30</td>
<td>4BB</td>
<td>4ALL</td>
<td>4AAFM</td>
</tr>
<tr>
<td style="text-align: right">17.30/18.30</td>
<td style="text-align: right">18.30/19.00</td>
<td>5BB</td>
<td>5ALL</td>
<td>5AAFM</td>
</tr>
<tr>
<td>Aula piano terra</td>
<td/>
<td>B11</td>
<td>B13</td>
<td>B15</td>
</tr>
<tr>
<td/>
<td colspan="2">Martedì 27 Novembre</td>
<td/>
<td/>
</tr>
<tr>
<td>Solo docenti</td>
<td>Docenti/Genitori Studenti</td>
<td/>
<td>Classi</td>
<td/>
</tr>
<tr>
<td style="text-align: right">14.30/15.30</td>
<td style="text-align: right">15.30/16.00</td>
<td>2DAFM</td>
<td>1BCHIM</td>
<td/>
</tr>
<tr>
<td style="text-align: right">16.00/17.00</td>
<td style="text-align: right">17.00/17.30</td>
<td>1DAFM</td>
<td>2BCHIM</td>
<td>1AT</td>
</tr>
<tr>
<td style="text-align: right">17.30/18.30</td>
<td style="text-align: right">18.30/19.00</td>
<td/>
<td/>
<td>2AT</td>
</tr>
<tr>
<td>Aula piano terra</td>
<td/>
<td>B11</td>
<td>B13</td>
<td>B15</td>
</tr>
</table>
</page>
<page number="3">
<table data-filename="Circolari_2770A_2018-2019.pdf" data-page="3" data-table="1">
<tr>
<td colspan="5">ISTITUTO D’ISTRUZIONE SUPERIORE “JEAN MONNET”</td>
</tr>
<tr>
<td colspan="3">ISTRUZIONE TECNICA E LICEALE</td>
<td colspan="2"/>
</tr>
<tr>
<td colspan="3">Via S. Caterina 3 • 22066 MARIANO COMENSE • CO</td>
<td colspan="2"/>
</tr>
<tr>
<td colspan="3">
Tel. 031747525 - 031743769 • Fax 031744057 •• COIS00200B
</td>
<td colspan="2">• c.f.: 90002390137</td>
</tr>
<tr>
<td colspan="5">
Web: www.ismonnet.gov.it • E-mail: info@ismonnet.it • PEC: cois00200b@pec.istruzione.it
</td>
</tr>
<tr>
<td/>
<td colspan="2">Mercoledì 28 Novembre</td>
<td/>
<td/>
</tr>
<tr>
<td>Solo docenti</td>
<td>Docenti/Genitori Studenti</td>
<td/>
<td>Classi</td>
<td/>
</tr>
<tr>
<td style="text-align: right">14.30/15.30</td>
<td style="text-align: right">15.30/16.00</td>
<td>4FRIM</td>
<td>3AC</td>
<td/>
</tr>
<tr>
<td style="text-align: right">16.00/17.00</td>
<td style="text-align: right">17.00/17.30</td>
<td>5FRIM</td>
<td>4AC</td>
<td>1AAFM</td>
</tr>
<tr>
<td style="text-align: right">17.30/18.30</td>
<td style="text-align: right">18.30/19.00</td>
<td/>
<td>5AC</td>
<td>2AAFM</td>
</tr>
<tr>
<td>Aula piano terra</td>
<td/>
<td>B11</td>
<td>B13</td>
<td>B15</td>
</tr>
<tr>
<td/>
<td colspan="2">Giovedì 29 novembre</td>
<td/>
<td/>
</tr>
<tr>
<td>Solo docenti</td>
<td>Docenti/Genitori Studenti</td>
<td/>
<td>Classi</td>
<td/>
</tr>
<tr>
<td style="text-align: right">14.30/15.30</td>
<td style="text-align: right">15.30/16.00</td>
<td>1ALL</td>
<td>1BAFM</td>
<td/>
</tr>
<tr>
<td style="text-align: right">16.00/17.00</td>
<td style="text-align: right">17.00/17.30</td>
<td>2ALL</td>
<td>2BAFM</td>
<td/>
</tr>
<tr>
<td style="text-align: right">17.30/18.30</td>
<td style="text-align: right">18.30/19.00</td>
<td>2BLL</td>
<td/>
<td/>
</tr>
<tr>
<td>Aula piano terra</td>
<td/>
<td>B11</td>
<td>B13</td>
<td>B15</td>
</tr>
</table>
</page>
<page number="4">
<table data-filename="Circolari_2770A_2018-2019.pdf" data-page="4" data-table="1">
<tr>
<td colspan="5">ISTITUTO D’ISTRUZIONE SUPERIORE “JEAN MONNET”</td>
</tr>
<tr>
<td colspan="3">ISTRUZIONE TECNICA E LICEALE</td>
<td colspan="2"/>
</tr>
<tr>
<td colspan="3">Via S. Caterina 3 • 22066 MARIANO COMENSE • CO</td>
<td colspan="2"/>
</tr>
<tr>
<td colspan="3">
Tel. 031747525 - 031743769 • Fax 031744057 •• COIS00200B
</td>
<td colspan="2">• c.f.: 90002390137</td>
</tr>
<tr>
<td colspan="5">
Web: www.ismonnet.gov.it • E-mail: info@ismonnet.it • PEC: cois00200b@pec.istruzione.it
</td>
</tr>
<tr>
<td colspan="5">Calendario CONSIGLI DI CLASSE novembre 2018</td>
</tr>
<tr>
<td colspan="3">LOTTI 2-3 (ex-ITIS)</td>
<td colspan="2"/>
</tr>
<tr>
<td/>
<td colspan="2">Mercoledì 21 Novembre</td>
<td colspan="2"/>
</tr>
<tr>
<td>Solo docenti</td>
<td>Docenti/Genitori Studenti</td>
<td/>
<td colspan="2">Classi</td>
</tr>
<tr>
<td style="text-align: right">14.30/15.30</td>
<td style="text-align: right">15.30/16.00</td>
<td>1^AS</td>
<td colspan="2">1^AM</td>
</tr>
<tr>
<td style="text-align: right">16.00/17.00</td>
<td style="text-align: right">17.00/17.30</td>
<td>1^BS</td>
<td colspan="2">1^BI</td>
</tr>
<tr>
<td style="text-align: right">17.30/18.30</td>
<td style="text-align: right">18.30/19.00</td>
<td>2^BS</td>
<td colspan="2">1^CI</td>
</tr>
<tr>
<td>Aula 1^piano</td>
<td/>
<td>C21</td>
<td colspan="2">C23</td>
</tr>
<tr>
<td/>
<td colspan="2">Giovedì 22 Novembre</td>
<td/>
<td/>
</tr>
<tr>
<td>Solo docenti</td>
<td>Docenti/Genitori Studenti</td>
<td/>
<td>Classi</td>
<td/>
</tr>
<tr>
<td style="text-align: right">14.30/15.30</td>
<td style="text-align: right">15.30/16.00</td>
<td>3^AM</td>
<td>3^AI</td>
<td>2^CI</td>
</tr>
<tr>
<td style="text-align: right">16.00/17.00</td>
<td style="text-align: right">17.00/17.30</td>
<td>4^AM</td>
<td>4^BI</td>
<td>2^CM</td>
</tr>
<tr>
<td style="text-align: right">17.30/18.30</td>
<td style="text-align: right">18.30/19.00</td>
<td>5^AM</td>
<td>5^AI</td>
<td>2^AI</td>
</tr>
<tr>
<td>Aula 1^piano</td>
<td/>
<td>C21</td>
<td>C23</td>
<td>C25</td>
</tr>
</table>
</page>
<page number="5">
<table data-filename="Circolari_2770A_2018-2019.pdf" data-page="5" data-table="1">
<tr>
<td colspan="5">ISTITUTO D’ISTRUZIONE SUPERIORE “JEAN MONNET”</td>
</tr>
<tr>
<td colspan="3">ISTRUZIONE TECNICA E LICEALE</td>
<td colspan="2"/>
</tr>
<tr>
<td colspan="3">Via S. Caterina 3 • 22066 MARIANO COMENSE • CO</td>
<td colspan="2"/>
</tr>
<tr>
<td colspan="3">
Tel. 031747525 - 031743769 • Fax 031744057 •• COIS00200B
</td>
<td colspan="2">• c.f.: 90002390137</td>
</tr>
<tr>
<td colspan="5">
Web: www.ismonnet.gov.it • E-mail: info@ismonnet.it • PEC: cois00200b@pec.istruzione.it
</td>
</tr>
<tr>
<td/>
<td colspan="2">Venerdì 23 Novembre</td>
<td/>
<td/>
</tr>
<tr>
<td>Solo docenti</td>
<td>Docenti/Genitori Studenti</td>
<td/>
<td>Classi</td>
<td/>
</tr>
<tr>
<td style="text-align: right">14.30/15.30</td>
<td style="text-align: right">15.30/16.00</td>
<td>3^BM</td>
<td>3^BI</td>
<td>2^AS</td>
</tr>
<tr>
<td style="text-align: right">16.00/17.00</td>
<td style="text-align: right">17.00/17.30</td>
<td>4^BM</td>
<td>4^CI</td>
<td>2^DI</td>
</tr>
<tr>
<td style="text-align: right">17.30/18.30</td>
<td style="text-align: right">18.30/19.00</td>
<td>5^BM</td>
<td>5^BI</td>
<td>2^AM</td>
</tr>
<tr>
<td>Aula 1^piano</td>
<td/>
<td>C21</td>
<td>C23</td>
<td>C25</td>
</tr>
<tr>
<td/>
<td colspan="2">Lunedì 26 Novembre</td>
<td/>
<td/>
</tr>
<tr>
<td>Solo docenti</td>
<td>Docenti/Genitori Studenti</td>
<td/>
<td>Classi</td>
<td/>
</tr>
<tr>
<td style="text-align: right">14.30/15.30</td>
<td style="text-align: right">15.30/16.00</td>
<td>1^AI</td>
<td/>
<td/>
</tr>
<tr>
<td style="text-align: right">16.00/17.00</td>
<td style="text-align: right">17.00/17.30</td>
<td>2^BI</td>
<td/>
<td/>
</tr>
<tr>
<td style="text-align: right">17.30/18.30</td>
<td style="text-align: right">18.30/19.00</td>
<td/>
<td/>
<td/>
</tr>
<tr>
<td>Aula 1^piano</td>
<td/>
<td>C21</td>
<td/>
<td/>
</tr>
<tr>
<td/>
<td colspan="2">Martedì 27 Novembre</td>
<td colspan="2"/>
</tr>
<tr>
<td>Solo docenti</td>
<td>Docenti/Genitori Studenti</td>
<td/>
<td colspan="2">Classi</td>
</tr>
<tr>
<td style="text-align: right">14.30/15.30</td>
<td style="text-align: right">15.30/16.00</td>
<td>1^CM</td>
<td colspan="2">3^AS</td>
</tr>
<tr>
<td style="text-align: right">16.00/17.00</td>
<td style="text-align: right">17.00/17.30</td>
<td>1^BM</td>
<td colspan="2">4^AS</td>
</tr>
<tr>
<td style="text-align: right">17.30/18.30</td>
<td style="text-align: right">18.30/19.00</td>
<td>2^BM</td>
<td colspan="2">5^AS</td>
</tr>
<tr>
<td>Aula 1^piano</td>
<td/>
<td>C21</td>
<td colspan="2">C23</td>
</tr>
<tr>
<td colspan="5">Il Dirigente scolastico</td>
</tr>
<tr>
<td colspan="5">Dott. Leonarda Spagnolo</td>
</tr>
<tr>
<td colspan="5">Firma autografa sostituita a mezzo stampa</td>
</tr>
<tr>
<td colspan="5">ai sensi dell'art. 3, comma 2, del D.Lgs. 39/93</td>
</tr>
</table>
</page>
</document>